mga,department,sara_index,se.sara_index,child_readiness,se.child_readiness,factype,fifteen.assess,se.fifteen.assess,year,recode,country
ALL,ALL,0.6921914054442659,0.004434911576292905,0.7675381621128873,0.0066089305871338405,ALL,0.4394256000148716,0.009793999460102759,2015,6,Senegal
private,ALL,0.5737826604219938,0.015216308262514681,0.60230029696682,0.025557536908920594,ALL,0.41129695244769277,0.009793999460102759,2015,6,Senegal
public,ALL,0.7223547985924829,0.003984197482834129,0.8025010773579722,0.005675091709309117,ALL,0.4446192258051457,0.00407876438978425,2015,6,Senegal
ALL,ALL,0.6899664443574656,0.004864134848236708,0.7750583867783434,0.007314522928499994,clinic,0.43919762294160475,0.004317978687819398,2015,6,Senegal
ALL,ALL,0.7357889419330756,0.012238503877012306,0.7677457866516153,0.01358531754251375,health center,0.4372902658348995,0.008104164494566347,2015,6,Senegal
ALL,ALL,0.6585998762768027,0.017565413923301566,0.6081969530615571,0.02418333257894724,hospital,0.4489269667123891,0.012927283981202464,2015,6,Senegal
ALL,bakel,0.716302091700252,0.025989906422021126,0.8430792814075029,0.039352296257159886,ALL,0.49529181750203605,0.030322426397341902,2015,6,Senegal
ALL,bambey,0.732673158164427,0.026273753393178584,0.8003460753323851,0.034848153195805726,ALL,0.2815988427543122,0.0216025592137038,2015,6,Senegal
ALL,bignona,0.7591303795371172,0.017872687765780694,0.8468099596923769,0.022446880996444506,ALL,0.46960613965845044,0.018987394186721483,2015,6,Senegal
ALL,birkelane,0.6757571834562295,0.019117175537869596,0.821894496716346,0.025423777704591394,ALL,0.3873232307365395,0.029085504101795365,2015,6,Senegal
ALL,bounkiling,0.7200199642569062,0.015964411725623615,0.8104762836520626,0.03031005553440484,ALL,0.5262828669499872,0.019579374804683906,2015,6,Senegal
ALL,dagana,0.7007873639291284,0.025807595913200494,0.8352150477877238,0.0487089444687216,ALL,0.427421478218848,0.03156891342126172,2015,6,Senegal
ALL,dakar,0.5891409130730878,0.019312834375997057,0.6210614027215823,0.028120211161191514,ALL,0.4077212967854107,0.011987490110111802,2015,6,Senegal
ALL,diourbel,0.6252724227676787,0.041779200493241804,0.6516929406688978,0.07015297478801001,ALL,0.3527636547433013,0.024905932780428842,2015,6,Senegal
ALL,fatick,0.7656644701618843,0.024066110922521103,0.842212451007899,0.02507877079684761,ALL,0.5923776861762818,0.016653348735824608,2015,6,Senegal
ALL,foundiougne,0.7515222586689619,0.023121403112158673,0.8384000622326936,0.02811897079379966,ALL,0.539546481897638,0.01712762530778769,2015,6,Senegal
ALL,gossas,0.7142221892494618,0.03929934348542618,0.7536181976733588,0.03949968911478524,ALL,0.44203429157099927,0.028317198931430258,2015,6,Senegal
ALL,goudiry,0.7313306917299699,0.030356484453865445,0.888661636807452,0.025810149100010553,ALL,0.5165818729788701,0.030117762594692003,2015,6,Senegal
ALL,goudomp,0.7484398368868329,0.04400873529261497,0.8464223208387444,0.0379765988362744,ALL,0.5189837329591963,0.018515868000753853,2015,6,Senegal
ALL,guediawaye,0.7145603122217209,0.0521407782280044,0.7785558169877221,0.03708724285708774,ALL,0.5107799154826974,0.027165806526771887,2015,6,Senegal
ALL,guinguineo,0.6706656725572808,0.027219232696880095,0.6802440541297671,0.043238210601916634,ALL,0.4029952637216222,0.04463223208526458,2015,6,Senegal
ALL,kaffrine,0.7112913615629491,0.01807795471290828,0.8089756054209063,0.030465377325304452,ALL,0.39862520129604706,0.022592790759913637,2015,6,Senegal
ALL,kanel,0.6982332436489022,0.02687943457853036,0.7841713767923919,0.04744083091919824,ALL,0.29673917381638926,0.016204730975306666,2015,6,Senegal
ALL,kaolack,0.6339013470536687,0.01900269339818743,0.6939941463118711,0.03424482492766615,ALL,0.3964172284740838,0.015967925266212477,2015,6,Senegal
ALL,kebemer,0.7777169921613519,0.0267017875142821,0.8445600037803339,0.02806891983676872,ALL,0.4742704594221401,0.02709322183646141,2015,6,Senegal
ALL,kedougou,0.71118537814484994,0.02180587309892726,0.8383004755174828,0.026234520817335013,ALL,0.34697865547149703,0.02563241888990845,2015,6,Senegal
ALL,kolda,0.6445036995199624,0.03820033060191748,0.7185810042211138,0.05168925007020373,ALL,0.38317632868215545,0.018184346357960308,2015,6,Senegal
ALL,koumpentoum,0.7218422171511238,0.02905727201375177,0.7941841814824379,0.047605560032273994,ALL,0.45687805877111165,0.032406987963374746,2015,6,Senegal
ALL,koungheul,0.6889297452698508,0.026021522761531884,0.7832145830070569,0.031109980694738047,ALL,0.3697507066155892,0.021698018781427263,2015,6,Senegal
ALL,linguere,0.810800547514688,0.018522057677646784,0.8785986612875215,0.027761319904126544,ALL,0.553447375331806,0.048288046773454094,2015,6,Senegal
ALL,louga,0.7349941618784063,0.017755391108813207,0.8219967368483803,0.02752024141195057,ALL,0.4977759429531657,0.023338770749950194,2015,6,Senegal
ALL,malem hodar,0.6806457977348964,0.03361715326004085,0.756310351089553,0.04434730531679252,ALL,0.3817957943082356,0.02467381666126042,2015,6,Senegal
ALL,matam,0.7242057794669594,0.019443711882186934,0.8171694578543507,0.031457215954902425,ALL,0.3459587907544986,0.01499010489120793,2015,6,Senegal
ALL,mbacke,0.7050941277385578,0.01683548969687832,0.7814792124231218,0.028456905566111114,ALL,0.37918394949513956,0.013072642317049875,2015,6,Senegal
ALL,mbour,0.6762363299780663,0.024724003724199188,0.7208874376964324,0.043453969885537486,ALL,0.35213151918714036,0.018736704305067502,2015,6,Senegal
ALL,medina yoroufoula,0.6647884088613637,0.03183271605861587,0.6593637696571706,0.09437756012126115,ALL,0.4069763554191085,0.029662587969982505,2015,6,Senegal
ALL,nioro du rip,0.6865919139792089,0.020860984259858793,0.7590941621840968,0.04381265743554188,ALL,0.4443431056533091,0.035012194363473186,2015,6,Senegal
ALL,oussouye,0.7658375519886449,0.02013468739146718,0.8463500158288417,0.03677974649430651,ALL,0.5647708298171251,0.024886516257425682,2015,6,Senegal
ALL,pikine,0.6896727718721551,0.024363081150186386,0.7521279560549224,0.03120900454970561,ALL,0.5359983023486427,0.016773401519657855,2015,6,Senegal
ALL,podor,0.7058117914242628,0.014594391268327959,0.831665882166505,0.02212005460972539,ALL,0.34363388883714513,0.01632772737031922,2015,6,Senegal
ALL,ranerou,0.7136279139132241,0.026575439462263133,0.8180672948445881,0.040421605095926696,ALL,0.41292646354489343,0.04048013097803143,2015,6,Senegal
ALL,rufisque,0.750889497400486,0.021596138930039522,0.7452497405220866,0.02643238963618524,ALL,0.4564292387211058,0.01916389087500933,2015,6,Senegal
ALL,saint louis,0.6583753937419224,0.02674717898161113,0.7347999821156619,0.04595598250198377,ALL,0.3557287656770545,0.022039824055173327,2015,6,Senegal
ALL,salemata,0.7155891264486807,0.013142645416883047,0.8046089295620434,0.03135932818648148,ALL,0.47949343632730046,0.03784261517148343,2015,6,Senegal
ALL,saraya,0.6695802044762637,0.039059171436853314,0.8321479579431011,0.044488557670779014,ALL,0.5461916098235762,0.05973537903845137,2015,6,Senegal
ALL,sedhiou,0.7847133681556246,0.024497353507671044,0.8636105201811972,0.027456297305687313,ALL,0.5260927289070522,0.014541055893016597,2015,6,Senegal
ALL,tambacounda,0.6892066699694575,0.029682790126143718,0.7668339460545204,0.04233586816601857,ALL,0.4512385112401863,0.023623900444442018,2015,6,Senegal
ALL,thies,0.6409313161572924,0.02678077051760921,0.7141414772142919,0.04128537121981707,ALL,0.39823632745643095,0.01818748280457883,2015,6,Senegal
ALL,tivaoune,0.7400190503538233,0.025173109768666563,0.7610068312027963,0.03591624994569952,ALL,0.47556040668842275,0.018404207476846013,2015,6,Senegal
ALL,velingara,0.6516117347907384,0.046053659647472406,0.7631536067977358,0.06872494776293739,ALL,0.3966408135573057,0.027704730831075632,2015,6,Senegal
ALL,ziguinchor,0.6866366394368479,0.029514437832516775,0.7114892790870881,0.05546962614302011,ALL,0.5678248903206539,0.02528245536273379,2015,6,Senegal
private,bakel,0.46292632045942345,0.013094518753658722,0.5003297825318557,0.11785066878292828,ALL,NA,NA,2015,6,Senegal
public,bakel,0.7510535575806578,0.015021911431147663,0.8900886993063518,0.02335481673535799,ALL,0.49529181750203605,0.030322426397341902,2015,6,Senegal
private,bambey,0.7256464474668812,0.10034061517404498,0.792767310495307,0.03225234059165733,ALL,0.21435503413979007,0.030714394280417265,2015,6,Senegal
public,bambey,0.7341828513906813,0.02352381365520686,0.8019743777387879,0.04174113566040894,ALL,0.30598087183779715,0.02547360593935375,2015,6,Senegal
private,bignona,0.8148148148148148,0,0.9166666666666666,0,ALL,0.4807692307692307,0.014423076923076934,2015,6,Senegal
public,bignona,0.7557512183474847,0.01863175145201387,0.8425707666060891,0.02344945156546336,ALL,0.4692199349410737,0.019634441428292276,2015,6,Senegal
public,birkelane,0.6757571834562295,0.019117175537869596,0.821894496716346,0.025423777704591394,ALL,0.3873232307365395,0.029085504101795365,2015,6,Senegal
public,bounkiling,0.7200199642569062,0.015964411725623615,0.8104762836520626,0.03031005553440484,ALL,0.5262828669499872,0.019579374804683906,2015,6,Senegal
public,dagana,0.7007873639291284,0.025807595913200494,0.8352150477877238,0.0487089444687216,ALL,0.427421478218848,0.03156891342126172,2015,6,Senegal
private,dakar,0.5060222026775968,0.02294853319517309,0.48091911914534674,0.03714948447720246,ALL,0.455279462694171,0.022540838009152794,2015,6,Senegal
public,dakar,0.7336538932222929,0.02323498004541424,0.7847076418715634,0.024564835827492186,ALL,0.38643632735806555,0.013781599472222175,2015,6,Senegal
private,diourbel,0.465289349158378,0.06353043245849191,0.4234861658630749,0.16108816146589747,ALL,0.19164835164835167,0.028523035940759625,2015,6,Senegal
public,diourbel,0.6937225592189278,0.0426395532690677,0.7493331754896514,0.05619824460905259,ALL,0.3798768192116359,0.026453260622031478,2015,6,Senegal
private,fatick,0.8059547648819163,0.03921117838048974,0.8792644991153931,0.026143003341255654,ALL,0.531030248201449,0.03325196684043586,2015,6,Senegal
public,fatick,0.7596282797548009,0.02692979430645144,0.8366614065466125,0.028479233372935973,ALL,0.600489090092839,0.018261339776741273,2015,6,Senegal
public,foundiougne,0.7515222586689619,0.023121403112158673,0.8384000622326936,0.02811897079379966,ALL,0.539546481897638,0.01712762530778769,2015,6,Senegal
private,gossas,0.7037037037037037,0,0.9166666666666666,0,ALL,0.30432234432234434,0.05110076031295845,2015,6,Senegal
public,gossas,0.7162596124311719,0.04690974911858377,0.7220358249996334,0.0322732883269584,ALL,0.4689760609918386,0.030437519745568384,2015,6,Senegal
public,goudiry,0.7313306917299699,0.030356484453865445,0.888661636807452,0.025810149100010553,ALL,0.5165818729788701,0.030117762594692003,2015,6,Senegal
private,goudomp,0.7686468219362497,0.06120251317635479,0.8749999999999999,0.05387665901685473,ALL,0.46785266726924296,0.029524101078128355,2015,6,Senegal
public,goudomp,0.7406060799509298,0.05624888966949245,0.8353434492607223,0.04830502019509839,ALL,0.5392746595265404,0.02260381872759592,2015,6,Senegal
private,guediawaye,0.5301366203792587,0.05197267675930062,0.6871183353680715,0.021824737196614822,ALL,0.46676961092096636,0.01285193255723876,2015,6,Senegal
public,guediawaye,0.7931557368902824,0.04678323817559066,0.7992016782869721,0.040417547350077306,ALL,0.523742118056111,0.03439166576549405,2015,6,Senegal
private,guinguineo,0.6296296296296295,0,0.75,0,ALL,0.22967032967032963,0.05655373978827368,2015,6,Senegal
public,guinguineo,0.677011695092313,0.030754529949907187,0.6694566396311167,0.04875353729040225,ALL,0.538237237501837,0.03183873294906191,2015,6,Senegal
private,kaffrine,0.6481481481481481,0.04536092116265146,0.75,0.0680413817439772,ALL,0.3139194139194139,0.03420173655786413,2015,6,Senegal
public,kaffrine,0.7207629919607821,0.01901547962678636,0.817822084825838,0.0330977521071361,ALL,0.4070336107918641,0.02446672667959,2015,6,Senegal
public,kanel,0.6982332436489022,0.02687943457853036,0.7841713767923919,0.04744083091919824,ALL,0.29673917381638926,0.016204730975306666,2015,6,Senegal
private,kaolack,0.4634654339995744,0.0506580451478794,0.368501348870311,0.09197095164917203,ALL,0.38540192479392354,0.03345739663144243,2015,6,Senegal
public,kaolack,0.6929996572764308,0.013584725626947682,0.7828627084775535,0.02274188848812096,ALL,0.39908972272360776,0.01806705373198032,2015,6,Senegal
public,kebemer,0.7777169921613519,0.0267017875142821,0.8445600037803339,0.02806891983676872,ALL,0.4742704594221401,0.02709322183646141,2015,6,Senegal
private,kedougou,0.677751792640813,0.06344759041692974,0.8333333333333335,6.81767573665173e-17,ALL,0.42857142857142855,0,2015,6,Senegal
public,kedougou,0.7181145404558098,0.022232789562361018,0.8393299234183499,0.0316759782580161,ALL,0.3461491510142042,0.025872299305126512,2015,6,Senegal
private,kolda,0.5076085099174067,0.04943969093431784,0.5016733584782402,0.08663379396468494,ALL,0.29038491519603177,0.03258839928114814,2015,6,Senegal
public,kolda,0.7093299174655731,0.04653353681508288,0.8065842256897163,0.05414284833668991,ALL,0.3941066781979864,0.019667639318933533,2015,6,Senegal
private,koumpentoum,0.6666666666666667,0.05856069741052559,0.7916666666666666,0.09882117688026186,ALL,0.32820512820512826,0.03301605460447112,2015,6,Senegal
public,koumpentoum,0.7508132383374984,0.02222098322309473,0.7955060527537585,0.05075355279933778,ALL,0.517457580845462,0.040035504633955665,2015,6,Senegal
private,koungheul,0.7407407407407408,0,0.875,0.0340206908719886,ALL,0.25,0.08099238707340581,2015,6,Senegal
public,koungheul,0.6788837054909502,0.03022632425255222,0.7654175894952808,0.034517326647110595,ALL,0.37559589613844035,0.022033163590759238,2015,6,Senegal
public,linguere,0.810800547514688,0.018522057677646784,0.8785986612875215,0.027761319904126544,ALL,0.553447375331806,0.048288046773454094,2015,6,Senegal
private,louga,0.6405772646257166,0.08403319697774513,0.680329920785053,0.15904565081143068,ALL,0.4624434893484066,0.08132476287973561,2015,6,Senegal
public,louga,0.7473754659870471,0.016692574474372557,0.8405741311794883,0.022631861579268147,ALL,0.4982798009542151,0.023648215255817367,2015,6,Senegal
public,malem hodar,0.6806457977348964,0.03361715326004085,0.756310351089553,0.04434730531679252,ALL,0.3817957943082356,0.02467381666126042,2015,6,Senegal
public,matam,0.7242057794669594,0.019443711882186934,0.8171694578543507,0.031457215954902425,ALL,0.3459587907544986,0.01499010489120793,2015,6,Senegal
private,mbacke,0.6868686907327275,0.02077816317992258,0.6666666666666666,0,ALL,0.3184963777554092,0.012160455376729669,2015,6,Senegal
public,mbacke,0.706466039042324,0.017975532400620085,0.7901216734673776,0.02985329142881786,ALL,0.3821892831094388,0.013538216047147488,2015,6,Senegal
private,mbour,0.574044152390795,0.0714516080788921,0.5378378268793725,0.15856004176195404,ALL,0.35366480431958336,0.03262125717772261,2015,6,Senegal
public,mbour,0.6929866456268602,0.02526319182509133,0.7513345894248444,0.04157644537728688,ALL,0.3519857462972852,0.02028507682597853,2015,6,Senegal
public,medina yoroufoula,0.6647884088613637,0.03183271605861587,0.6593637696571706,0.09437756012126115,ALL,0.4069763554191085,0.029662587969982505,2015,6,Senegal
public,nioro du rip,0.6865919139792089,0.020860984259858793,0.7590941621840968,0.04381265743554188,ALL,0.4443431056533091,0.035012194363473186,2015,6,Senegal
private,oussouye,0.7928669341739518,0.032963896993043355,0.8564814757092718,0.033230701875100355,ALL,0.4340659340659341,0.04166981129702613,2015,6,Senegal
public,oussouye,0.7541541393727899,0.024085315289222767,0.8419707064767994,0.050820113553680005,ALL,0.5937381783407475,0.0249909924051869,2015,6,Senegal
private,pikine,0.6509120716690192,0.058928931311338584,0.7200619016418808,0.07401173769335494,ALL,0.6052476037780432,0.016003176954585523,2015,6,Senegal
public,pikine,0.7070357790429636,0.02166829722869751,0.7646376765481494,0.03158234726768086,ALL,0.5125136482511086,0.021393043366272613,2015,6,Senegal
public,podor,0.7058117914242628,0.014594391268327959,0.831665882166505,0.02212005460972539,ALL,0.34363388883714513,0.01632772737031922,2015,6,Senegal
public,ranerou,0.7136279139132241,0.026575439462263133,0.8180672948445881,0.040421605095926696,ALL,0.41292646354489343,0.04048013097803143,2015,6,Senegal
private,rufisque,0.6542646957344949,0.04117571169123565,0.55561888396536,0.08354233612842633,ALL,0.3655788544743994,0.023764635896722303,2015,6,Senegal
public,rufisque,0.7594511254818883,0.02273583941011388,0.7637393927387903,0.025534485334671134,ALL,0.46093762735501015,0.02002396501140809,2015,6,Senegal
private,saint louis,0.43678172652688124,0.06124237205737343,0.3770296082754556,0.13486593673884,ALL,0.3474358974358974,0.06736566489958794,2015,6,Senegal
public,saint louis,0.7549513841464087,0.02211422394475691,0.8655458163661195,0.02135045328869176,ALL,0.3569867295770922,0.023241622170870276,2015,6,Senegal
private,salemata,0.7037037037037037,0,0.8331684376320055,0.06454946969588335,ALL,0.3842490842490842,0.036174479454620274,2015,6,Senegal
public,salemata,0.719676908213121,0.017442551166121933,0.7947863899019281,0.03490840580868039,ALL,0.5394051443996267,0.04799338669448064,2015,6,Senegal
private,saraya,0.5680151613900783,0.09442817033506685,0.9166666666666666,0,ALL,0.2857142857142857,0,2015,6,Senegal
public,saraya,0.7143396705134677,0.029151942542615352,0.819715860941394,0.04945047624884961,ALL,0.5728935904735845,0.056056506570318104,2015,6,Senegal
public,sedhiou,0.7847133681556246,0.024497353507671044,0.8636105201811972,0.027456297305687313,ALL,0.5260927289070522,0.014541055893016597,2015,6,Senegal
private,tambacounda,0.5737442915422184,0.13176105329622012,0.4996702174681444,0.1317610532962201,ALL,0.2857142857142857,0.05357142857142856,2015,6,Senegal
public,tambacounda,0.7091644156055105,0.02338801758014641,0.8130133666669801,0.03263809992264783,ALL,0.46131312977150835,0.023907024815086882,2015,6,Senegal
private,thies,0.5528160523727293,0.061445999124938956,0.5781694454013004,0.09758914171967598,ALL,0.360115419121942,0.025882310737656736,2015,6,Senegal
public,thies,0.6934829301660269,0.017601853787648523,0.7913434023578103,0.024511191878283444,ALL,0.4456402261339353,0.024702490243160822,2015,6,Senegal
private,tivaoune,0.8673195777233677,0.013305640487657552,0.9651976167890894,0.029937691097229546,ALL,0.42670081350020406,0.025153563964572002,2015,6,Senegal
public,tivaoune,0.7161689952344914,0.024583619763741925,0.7227512042095507,0.03141895253740084,ALL,0.48821776986151827,0.022186055669768653,2015,6,Senegal
private,velingara,0.5185185185185185,0.19801253002895608,0.5,0.2545875386086578,ALL,0.5069597069597069,0.08409643760151654,2015,6,Senegal
public,velingara,0.6834592438855379,0.022541069470539434,0.8289453289591068,0.034089697065528723,ALL,0.38060670481765835,0.028642915268817546,2015,6,Senegal
private,ziguinchor,0.6076631123878673,0.0880724961499571,0.6206972747954886,0.2177702185937379,ALL,0.42492124825891064,0.049171684951118844,2015,6,Senegal
public,ziguinchor,0.7139972442958015,0.023592681636886857,0.7333450350822333,0.04425127777752737,ALL,0.583920729757002,0.02691736149423056,2015,6,Senegal
private,matam,NA,NA,NA,NA,ALL,NA,NA,2015,6,Senegal
private,sedhiou,NA,NA,NA,NA,ALL,NA,NA,2015,6,Senegal
private,foundiougne,NA,NA,NA,NA,ALL,NA,NA,2015,6,Senegal
private,birkelane,NA,NA,NA,NA,ALL,NA,NA,2015,6,Senegal
private,medina yoroufoula,NA,NA,NA,NA,ALL,NA,NA,2015,6,Senegal
private,kebemer,NA,NA,NA,NA,ALL,NA,NA,2015,6,Senegal
private,linguere,NA,NA,NA,NA,ALL,NA,NA,2015,6,Senegal
private,kanel,NA,NA,NA,NA,ALL,NA,NA,2015,6,Senegal
private,dagana,NA,NA,NA,NA,ALL,NA,NA,2015,6,Senegal
private,podor,NA,NA,NA,NA,ALL,NA,NA,2015,6,Senegal
private,bounkiling,NA,NA,NA,NA,ALL,NA,NA,2015,6,Senegal
private,goudiry,NA,NA,NA,NA,ALL,NA,NA,2015,6,Senegal
private,malem hodar,NA,NA,NA,NA,ALL,NA,NA,2015,6,Senegal
private,nioro du rip,NA,NA,NA,NA,ALL,NA,NA,2015,6,Senegal
private,ranerou,NA,NA,NA,NA,ALL,NA,NA,2015,6,Senegal
ALL,bakel,0.7282683942615253,0.02273441210680739,0.8527441516660691,0.04331976680334205,clinic,0.4961725459080309,0.031129339311304752,2015,6,Senegal
ALL,bakel,0.6320424845176369,0.10082379877466412,0.7750249958595815,0.060215884812675806,health center,0.4748910989277907,0.1241176446187318,2015,6,Senegal
ALL,bambey,0.7356689026773187,0.026841989255401006,0.8042324848982384,0.03562377372359622,clinic,0.28017229777166214,0.022002515212062666,2015,6,Senegal
ALL,bambey,0.6296296296296295,0,0.6666666666666666,0,health center,0.35079365079365077,0.03919381587472528,2015,6,Senegal
ALL,bignona,0.7598446041020976,0.01855916460966755,0.8489548409555959,0.023214477539341503,clinic,0.4649331267993496,0.020941297496914445,2015,6,Senegal
ALL,bignona,0.7407407407407406,7.166478457433966e-17,0.7915842035006826,0.031823317676838554,health center,0.5082651881324266,0.0293911586677061,2015,6,Senegal
ALL,birkelane,0.6878456415026697,0.016788905751000956,0.8213141758379093,0.026706216987027014,clinic,0.39645680641504977,0.029678523343441517,2015,6,Senegal
ALL,birkelane,0.5330165944837275,0.1307424079407734,0.8333333333333333,1.1102230246251565e-16,health center,0.14652014652014653,0.05914613599405551,2015,6,Senegal
ALL,bounkiling,0.7338575870739558,0.015014863901984888,0.8320226989817778,0.029662197174086972,clinic,0.560645141703425,0.0232441122705889,2015,6,Senegal
ALL,bounkiling,0.5740374289936501,0.015120247846340175,0.5831684304714254,0.06804111530853087,health center,0.4231528128462987,0.01779082633501633,2015,6,Senegal
ALL,dagana,0.6913295223075528,0.02666223816488633,0.8332508800087545,0.0517152720429622,clinic,0.43917083006683244,0.03672461156551687,2015,6,Senegal
ALL,dagana,0.8518518518518519,0,0.8665875333501243,0.03159763363512802,health center,0.36727289874568175,0.041501121251555806,2015,6,Senegal
ALL,dakar,0.5498010241945668,0.02765074758335696,0.6230198511981853,0.04163041696205312,clinic,0.39886048937117874,0.016457068259915476,2015,6,Senegal
ALL,dakar,0.74878977562424,0.02290419625373682,0.7462189390314841,0.03204357099732563,health center,0.40700981252366125,0.020155834098026418,2015,6,Senegal
ALL,dakar,0.6026384784915423,0.027873612562413098,0.483305494829407,0.03829642408684695,hospital,0.4577365101018127,0.026438819804549218,2015,6,Senegal
ALL,diourbel,0.6136821659598194,0.0439677846423575,0.639980567157455,0.07708361841639949,clinic,0.35094950115952867,0.028625759099676084,2015,6,Senegal
ALL,diourbel,0.7065661029548032,0.12874440605734322,0.733843143400018,0.15384070702594654,hospital,0.3564026969617063,0.047992512870344374,2015,6,Senegal
ALL,fatick,0.7639981352135666,0.025439036673313483,0.8436942496145116,0.026207139184626336,clinic,0.5917767338459964,0.018307450313468417,2015,6,Senegal
ALL,fatick,0.7533146653249035,0.07972001017776678,0.8058123318238497,0.10833895646652754,health center,0.5875620844402798,0.04725211776788893,2015,6,Senegal
ALL,fatick,0.8888155726501852,0.026189037419903402,0.8747525576943752,0.08838800129217397,hospital,0.6333333333333333,0.04797486114192829,2015,6,Senegal
ALL,foundiougne,0.7477486537932758,0.024880650648222345,0.8423425276698366,0.030245518665552425,clinic,0.538786420072134,0.018716801908868604,2015,6,Senegal
ALL,foundiougne,0.796332954415648,0.014344326554227963,0.791584185898125,0.032274734747012986,health center,0.5439858280917783,0.04238214497856444,2015,6,Senegal
ALL,gossas,0.7092612400465894,0.04197055855146621,0.7604053605086772,0.04203680132637833,clinic,0.4177099150886635,0.030358156695160756,2015,6,Senegal
ALL,gossas,0.7777777777777778,0,0.6666666666666666,0,health center,0.6373626373626373,0.0050014230210593405,2015,6,Senegal
ALL,goudiry,0.7185830650748147,0.0346599608367016,0.8833861441521214,0.030346102460084703,clinic,0.5333887874447528,0.03631100049404837,2015,6,Senegal
ALL,goudiry,0.7990016541283356,0.022573496548091675,0.9166666666666665,8.201513970800211e-17,health center,0.4679036783565989,0.04875654470591377,2015,6,Senegal
ALL,goudomp,0.7468214932300062,0.04639441964455206,0.8471443374241076,0.04007524492783582,clinic,0.5336001479990726,0.01901099207686438,2015,6,Senegal
ALL,goudomp,0.7777777777777778,0,0.8333333333333333,0,health center,0.3824175824175824,0.023948667289036475,2015,6,Senegal
ALL,guediawaye,0.7185745656223224,0.06080875155720627,0.7786724983031674,0.04277553703131412,clinic,0.5196134219128948,0.029259019422982587,2015,6,Senegal
ALL,guediawaye,0.7223321965802776,0.03928355612985513,0.75,0,health center,0.39051662691207145,0.038257319868468705,2015,6,Senegal
ALL,guediawaye,0.6642662201860743,0.10472905763419448,0.8333333333333334,0,hospital,0.4318681318681319,0.048276043872964323,2015,6,Senegal
ALL,guinguineo,0.6667155736778744,0.02843057140129007,0.6904043273152837,0.044344543564059584,clinic,0.4029952637216222,0.04463223208526458,2015,6,Senegal
ALL,guinguineo,0.7407407407407408,0,0.5,0,health center,NA,NA,2015,6,Senegal
ALL,kaffrine,0.7032085813301858,0.018558215782806357,0.8059719913905941,0.031803545850262405,clinic,0.4028742876877089,0.025419475204765892,2015,6,Senegal
ALL,kaffrine,0.8887422564114815,0.07407378380944778,0.8749175192314584,0.04166650339281434,hospital,0.3661704157873871,0.01989101177752328,2015,6,Senegal
ALL,kanel,0.6930798165152711,0.027278224210546986,0.7797265713752363,0.048821817824579915,clinic,0.29358059922560964,0.017383453830423234,2015,6,Senegal
ALL,kanel,0.8518518518518519,0,0.9166666666666666,0,health center,0.3263736263736264,0.039869510192269836,2015,6,Senegal
ALL,kaolack,0.6352252065049714,0.021011152350565866,0.7151213398428192,0.03580066414410563,clinic,0.3990838410318726,0.01744023235927473,2015,6,Senegal
ALL,kaolack,0.7130179501419907,0.06783271521695117,0.7084158141018748,0.11867252914764678,health center,0.34794610347873656,0.04012815110005094,2015,6,Senegal
ALL,kaolack,0.5472092061885512,0.04440977644453801,0.3569272000070733,0.08390710224243432,hospital,0.4606168986209619,0.07025270201425694,2015,6,Senegal
ALL,kebemer,0.7704524774529007,0.031307997618089924,0.8555145020142904,0.03202199350355574,clinic,0.4954483294355118,0.04138505766749603,2015,6,Senegal
ALL,kebemer,0.8127933979660685,0.030709815652569878,0.7916666666666667,0.044521464645426626,health center,0.44723046751816364,0.030479593786290164,2015,6,Senegal
ALL,kedougou,0.70319545041792,0.023643043451846042,0.8511928625779925,0.029944199756137536,clinic,0.36273801755050517,0.02975589954999357,2015,6,Senegal
ALL,kedougou,0.7576582432404062,0.0636272822837313,0.7955091541152164,0.06705753432023731,health center,0.3137388988186143,0.05338521461045243,2015,6,Senegal
ALL,kedougou,0.6852951595432406,0.03928355612985512,0.791584185898125,0.029462667097391336,hospital,0.33729613562688265,0.0462377065617107,2015,6,Senegal
ALL,kolda,0.641429712952466,0.039134397113498046,0.7127776976146186,0.057198579654595946,clinic,0.4032661355474936,0.02007035819564583,2015,6,Senegal
ALL,kolda,0.6618251805291769,0.1487331968670533,0.8214196478829037,0.07836360953586048,health center,0.2593821223169201,0.042435731967891056,2015,6,Senegal
ALL,kolda,0.6662267692344449,0.15713422451942038,0.5410893012868756,0.20623866968173926,hospital,0.3781945191928677,0.053628894667873774,2015,6,Senegal
ALL,koumpentoum,0.719264498864681,0.03297097976516848,0.8002108095435503,0.05368564478663315,clinic,0.4578907829323107,0.03548943519083008,2015,6,Senegal
ALL,koumpentoum,0.7407407407407407,0,0.75,0,health center,0.4480769230769231,0.056579114383773735,2015,6,Senegal
ALL,koungheul,0.6836242032052758,0.02647967193004909,0.78110228216756,0.0323094917422529,clinic,0.3713855184987733,0.022941856105133926,2015,6,Senegal
ALL,koungheul,0.8148148148148147,1.1102230246251565e-16,0.8333333333333333,1.1102230246251565e-16,health center,0.3428571428571428,0.02670653743581467,2015,6,Senegal
ALL,linguere,0.8333333333333333,0.013311023859782629,0.9166666666666666,0,clinic,0.5356532356532356,0.06029700169169895,2015,6,Senegal
ALL,linguere,0.7407407407407407,0,0.8333333333333333,1.1102230246251563e-16,health center,0.4615384615384615,0,2015,6,Senegal
ALL,linguere,0.7777777777777778,0,0.7499999999999999,1.1102230246251565e-16,hospital,0.6235897435897436,0.06342041604142251,2015,6,Senegal
ALL,louga,0.7310076969849624,0.019222930161238886,0.8294652119705537,0.029870134681482648,clinic,0.5125657350294162,0.028918306450915875,2015,6,Senegal
ALL,louga,0.7493411848332003,0.05016806726754269,0.7557642369329456,0.07247360954674835,health center,0.487310785417401,0.031352733952669486,2015,6,Senegal
ALL,louga,0.8518518518518519,0,0.9166666666666666,0,hospital,0.31318681318681313,0.08568610413018868,2015,6,Senegal
ALL,malem hodar,0.6667839830305259,0.03537622381797093,0.7334257199698726,0.04422691539411107,clinic,0.4052217532120142,0.030517377863302803,2015,6,Senegal
ALL,malem hodar,0.7777777777777779,1.1102230246251565e-16,0.9166666666666666,0,health center,0.34,0.03578469250513514,2015,6,Senegal
ALL,matam,0.7150416170537565,0.02102875185928205,0.813915262939473,0.03466099542926093,clinic,0.3452843032624047,0.016921571028784606,2015,6,Senegal
ALL,matam,0.8148148148148147,6.409900738791384e-17,0.8749175192314584,0.0340205575594464,health center,0.37226708588569746,0.040394939633502734,2015,6,Senegal
ALL,matam,0.7961863219382408,0.05555533785708585,0.791584185898125,0.041666503392814386,hospital,0.3115255834771555,0.0467226559217742,2015,6,Senegal
ALL,mbacke,0.6967312417847047,0.018231887077850742,0.7806814342180551,0.03141920083043578,clinic,0.38143025464476205,0.014772485448017958,2015,6,Senegal
ALL,mbacke,0.7565589029232285,0.03139967410213815,0.7553281056260182,0.04483136112059079,health center,0.37414941392148787,0.030318381473182037,2015,6,Senegal
ALL,mbacke,0.8333333333333333,0.01512030705421717,0.875,0.03402069087198855,hospital,0.3456043956043956,0.050088742201698976,2015,6,Senegal
ALL,mbour,0.6827500117186168,0.027071690818264726,0.7367237128763999,0.04759819526000096,clinic,0.34876603785083765,0.022574886438024813,2015,6,Senegal
ALL,mbour,0.7046478964499877,0.07359266666775922,0.7600091452395101,0.06889458927092194,health center,0.37060878776218936,0.030537780721990232,2015,6,Senegal
ALL,mbour,0.5462743684598845,0.06063298600948613,0.4488322478381982,0.09842212738712308,hospital,0.3595695917761023,0.03469090965455069,2015,6,Senegal
ALL,medina yoroufoula,0.6457474526829308,0.028474756496942564,0.6246908296585508,0.09794873555511839,clinic,0.40213505776133407,0.06384312653413993,2015,6,Senegal
ALL,medina yoroufoula,0.8518518518518519,0,1,0,health center,0.41047619047619044,0.022301446082137757,2015,6,Senegal
ALL,nioro du rip,0.6772516676966315,0.019714105679433026,0.7501883982211213,0.045330542824819804,clinic,0.45841785698664245,0.039572181895226786,2015,6,Senegal
ALL,nioro du rip,0.8518518518518519,0,0.9166666666666667,1.1102230246251564e-16,health center,0.35010989010989013,0.02152505126867393,2015,6,Senegal
ALL,oussouye,0.7889131526665891,0.010466418888824101,0.8735287808130113,0.030317350809905153,clinic,0.585928853434429,0.025993968267414735,2015,6,Senegal
ALL,oussouye,0.6296748297625948,0.0965830738203211,0.6859756585743522,0.15228130082811306,health center,0.46880534433681803,0.056677325975715544,2015,6,Senegal
ALL,pikine,0.6867928973444236,0.026800618405023183,0.7572899353908021,0.0350037922132003,clinic,0.5432900793165065,0.018408367388906756,2015,6,Senegal
ALL,pikine,0.7777777777777778,0.028029106497004762,0.7501320214979926,0.05400617178463256,health center,0.47983558383906455,0.042209200431984194,2015,6,Senegal
ALL,pikine,0.6246150433395059,0.10305280780925517,0.6675619984060623,0.10667898189019055,hospital,0.5148223564424721,0.08828973828052432,2015,6,Senegal
ALL,podor,0.701870168771706,0.015110046100326997,0.8333333333333339,0.02312320387884388,clinic,0.3451850187375097,0.017408728085223424,2015,6,Senegal
ALL,podor,0.8295944592667219,0.014043392726723607,0.8665875333501243,0.03159763363512802,health center,0.3349262325575612,0.04329342442282596,2015,6,Senegal
ALL,podor,0.6666666666666667,0,0.6666666666666666,0,hospital,0.15384615384615385,0,2015,6,Senegal
ALL,ranerou,0.711070055789834,0.028949471274732394,0.8166270776068636,0.04420722543102531,clinic,0.3937115092082527,0.048837989776437746,2015,6,Senegal
ALL,ranerou,0.7407407407407407,0,0.8333333333333334,0,health center,0.4815384615384616,0.04847508484469154,2015,6,Senegal
ALL,rufisque,0.7519471217329385,0.02434608884939616,0.7593854437527754,0.027954310347340364,clinic,0.45586138681231986,0.02119802126027658,2015,6,Senegal
ALL,rufisque,0.8517785356131482,0.02683577770496237,0.791584185898125,0.03019024991808268,health center,0.4674375017984869,0.05280794048845899,2015,6,Senegal
ALL,rufisque,0.6934682891304633,0.04599634941087368,0.6234320031058108,0.08611042497785182,hospital,0.45713961598669484,0.04459282306392568,2015,6,Senegal
ALL,saint louis,0.6435011097963512,0.02957624899389907,0.7257152983077602,0.04982618324581657,clinic,0.33582210042585403,0.025234251109405765,2015,6,Senegal
ALL,saint louis,0.9259259259259259,0,1,0,health center,0.3863003663003663,0.039260211559464145,2015,6,Senegal
ALL,saint louis,0.7898626047080467,0.09323958445811378,0.7495598121114955,0.15734179877306703,hospital,0.501978021978022,0.03879463920329896,2015,6,Senegal
ALL,salemata,0.7175923912034627,0.01521351331213819,0.8138131578200799,0.035311311275879956,clinic,0.4198121152031333,0.025589216548493263,2015,6,Senegal
ALL,salemata,0.7037037037037038,1.1102230246251565e-16,0.75,0,health center,0.6904761904761905,0.01774657124999831,2015,6,Senegal
ALL,saraya,0.6675097841507471,0.041373315627158534,0.8385067330517535,0.04734347802431504,clinic,0.4360693588121147,0.04864526700459467,2015,6,Senegal
ALL,saraya,0.7037037037037037,0,0.75,0,health center,0.7238095238095239,0.007098628499999349,2015,6,Senegal
ALL,sedhiou,0.7801338005173146,0.026714289029848015,0.872550770495949,0.02958748766655963,clinic,0.5346658642021143,0.01645160360362576,2015,6,Senegal
ALL,sedhiou,0.8518518518518519,0,0.75,0,health center,0.4723076923076923,0.017941390445677843,2015,6,Senegal
ALL,sedhiou,0.8148881310535183,0.037036891904723875,0.791584185898125,0.041666503392814386,hospital,0.4806304512101488,0.04712655746223735,2015,6,Senegal
ALL,tambacounda,0.6736907201897662,0.031773559490954714,0.7521585061283261,0.045979693110391205,clinic,0.4476615058628701,0.027943158488433352,2015,6,Senegal
ALL,tambacounda,0.8546890827945908,0.03604408775045155,0.9166666666666669,0.04299472656395363,health center,0.4228767884136275,0.03611098279511761,2015,6,Senegal
ALL,tambacounda,0.8332966752139814,0.01851844595236197,0.9166666666666665,2.19772915976695e-19,hospital,0.5246595940063129,0.08829561341955021,2015,6,Senegal
ALL,thies,0.6388538314676732,0.03054465197702131,0.7200593907932902,0.046267114140204776,clinic,0.38745400910672606,0.020245038131648196,2015,6,Senegal
ALL,thies,0.6513071870626087,0.05920067928883339,0.6910275226136322,0.10795655315364364,health center,0.4696706980040887,0.03202399530501117,2015,6,Senegal
ALL,thies,0.653861175901755,0.0656723508335086,0.6596494871887872,0.0987353763832433,hospital,0.49870788682738565,0.02317789014558302,2015,6,Senegal
ALL,tivaoune,0.7399071054162207,0.026676410336841743,0.7652312343919775,0.037902159221126455,clinic,0.4732773357579367,0.020118505064900143,2015,6,Senegal
ALL,tivaoune,0.6872066020339316,0.013513870909289277,0.6295481879096794,0.030406209545900967,health center,0.4860951689116938,0.03197022960721844,2015,6,Senegal
ALL,tivaoune,0.8518518518518519,0,0.8333333333333334,0,hospital,0.5153846153846154,0.07715372463000593,2015,6,Senegal
ALL,velingara,0.6569148856121478,0.04805064232179447,0.758638316509889,0.07053702732404829,clinic,0.3975525766421175,0.030726529110269674,2015,6,Senegal
ALL,velingara,0.5716548319634511,0.14161012104686158,0.9166666666666666,0,health center,0.38857142857142857,0.02302681732130174,2015,6,Senegal
ALL,ziguinchor,0.6784953319831577,0.03399451480829416,0.7129247792166982,0.06594792194313183,clinic,0.5296604389788604,0.027222296213483904,2015,6,Senegal
ALL,ziguinchor,0.7091701862619456,0.05447214409974413,0.7024347919970363,0.03213766102491282,health center,0.6958217644365399,0.057051221921395404,2015,6,Senegal
ALL,ziguinchor,0.7962596381769445,0.018518445952361854,0.7082508525647917,0.041666503392814386,hospital,0.6939960364391615,0.05121627291533754,2015,6,Senegal
ALL,bambey,NA,NA,NA,NA,hospital,NA,NA,2015,6,Senegal
ALL,foundiougne,NA,NA,NA,NA,hospital,NA,NA,2015,6,Senegal
ALL,birkelane,NA,NA,NA,NA,hospital,NA,NA,2015,6,Senegal
ALL,koungheul,NA,NA,NA,NA,hospital,NA,NA,2015,6,Senegal
ALL,guinguineo,NA,NA,NA,NA,hospital,NA,NA,2015,6,Senegal
ALL,saraya,NA,NA,NA,NA,hospital,NA,NA,2015,6,Senegal
ALL,medina yoroufoula,NA,NA,NA,NA,hospital,NA,NA,2015,6,Senegal
ALL,velingara,NA,NA,NA,NA,hospital,NA,NA,2015,6,Senegal
ALL,kebemer,NA,NA,NA,NA,hospital,NA,NA,2015,6,Senegal
ALL,kanel,NA,NA,NA,NA,hospital,NA,NA,2015,6,Senegal
ALL,dagana,NA,NA,NA,NA,hospital,NA,NA,2015,6,Senegal
ALL,bounkiling,NA,NA,NA,NA,hospital,NA,NA,2015,6,Senegal
ALL,goudomp,NA,NA,NA,NA,hospital,NA,NA,2015,6,Senegal
ALL,bakel,NA,NA,NA,NA,hospital,NA,NA,2015,6,Senegal
ALL,goudiry,NA,NA,NA,NA,hospital,NA,NA,2015,6,Senegal
ALL,koumpentoum,NA,NA,NA,NA,hospital,NA,NA,2015,6,Senegal
ALL,bignona,NA,NA,NA,NA,hospital,NA,NA,2015,6,Senegal
ALL,oussouye,NA,NA,NA,NA,hospital,NA,NA,2015,6,Senegal
ALL,gossas,NA,NA,NA,NA,hospital,NA,NA,2015,6,Senegal
ALL,malem hodar,NA,NA,NA,NA,hospital,NA,NA,2015,6,Senegal
ALL,nioro du rip,NA,NA,NA,NA,hospital,NA,NA,2015,6,Senegal
ALL,salemata,NA,NA,NA,NA,hospital,NA,NA,2015,6,Senegal
ALL,ranerou,NA,NA,NA,NA,hospital,NA,NA,2015,6,Senegal
ALL,diourbel,NA,NA,NA,NA,health center,NA,NA,2015,6,Senegal
ALL,kaffrine,NA,NA,NA,NA,health center,NA,NA,2015,6,Senegal
